{
    "loss": 4.7376275062561035,
    "accuracy": 0.5454320907592773
}