{
    "loss": 2.228515148162842,
    "accuracy": 0.603827178478241
}